SrNo,Date,TimeOfAcc,Nature of Accident,Classification of Accident,Causes,Road Feature,Road Condition,Intersection Type and Control,Weather Condition,VehicleResponsible,Fatal,Grevious,Minor,Injured,Help Provided by Ambulance/Patrol,Remarks
539,19-12-2014,5:30 PM,others,2 & 3,9,fourlane,straight,junction,fine,The tractor vehicle some mechanical problem self accident,0,1,1,0,Ambulance/Petrol Vehicle,The injured person shifted to SNR Hospital
540,19-12-2014,5:45 AM,others,2 & 3,1 & 2,fourlane,straight,junction,fine,Self accident Drunk & Drive,0,1,1,0,Ambulance/Petrol Vehicle,The injured person shifted to MVJ Hospital
541,19-11-2016,3:00 AM,skidding,2 & 3 & 4,2 & 9,fourlane,straight,junction,fine,Car over speed self accident. Defects in mechanical condition,0,1,2,3,Ambulance/Petrol Vehicle,The Major & Minor injured person shifted to Jalappa Hospital Kolar
542,19-11-2015,7:35 AM,headoncollision,3,2,fourlane,straight,junction,fine,Bus over speed and Hit to Tow wheeler,0,0,1,0,Petrol Vehicle,The injured person shifted to Jalappa Hospital
543,19-11-2014,3:00 PM,headoncollision,3,2 & 5,fourlane,slightcurve,junction,fine,Car over speed and hit to the Water tanker,0,0,1,0,Petrol Vehicle,"The injured person shifted to Govt Hospital, Kolar"
544,19-10-2017,6:40 AM,headoncollision,3,2,fourlane,straight,junction,fine,Multi Axle hit to Two wheeler.,0,0,1,0,Ambulance/Petrol Vehicle,The minor injured and Traffic clear immediately
545,19-10-2014,2:00 PM,others,3,1,fourlane,straight,junction,fine,Self Accident Drunk & Drive,0,0,1,0,Ambulance/Petrol Vehicle,The injured person shifted to KR Puram Govt. Hospital
546,19-01-2018,3:25 PM,headoncollision,2,2 & 5 & 9,fourlane,straight,tjunction,fine,Car over speed and hit to Truck due to Defects in Mechanical condition,0,0,1,0,Ambulance,The injured person shifted to Jalappa Hospital Kolar
547,19-01-2016,10:40 PM,skidding,3,2 & 3,fourlane,straight,junction,fine,Car over speed self accident,0,0,1,0,Ambulance,The injured person shifted to Jalappa Hospital
548,19-01-2015,10:00 PM,others,3,2 & 3,fourlane,straight,junction,fine,Auto tyre blast vehicle out of control and upside to carriageway,0,0,1,3,Petrol Vehicle,The injured person shifted to MVJ Hospital
549,18-09-2017,1:05 PM,headoncollision,3,2,fourlane,straight,junction,fine,Truck over speed and hit to Car,0,0,2,0,Ambulance/Petrol Vehicle,The injured person shifted to Jalappa Hospital Kolar
550,18-09-2016,4:15 PM,headoncollision,1,1,fourlane,straight,junction,fine,Car over speed self accident Drunk & Drive,1,0,0,0,Ambulance/Petrol Vehicle,The fatal body shifted to Jalappa Hospital
551,18-09-2014,4:45 PM,skidding,2,4,fourlane,straight,junction,fine,Auto over speed and vehicle skidding in shoulder side driver fault,0,1,0,0,Ambulance,108 ambulance shifted to Govt Hospital Narsapura
552,18-08-2014,7:30 PM,overspeed,3 & 4,3,fourlane,straight,junction,fine,Car,0,0,2,3,Ambulance/Petrol Vehicle,"2-Minor, 3-Non injured. Helping Ambulance shifted to Jalappa Hospital."
553,18-07-2016,7:45 PM,skidding,1 & 3 & 4,2 & 3 & 5,fourlane,straight,junction,fine,LCV over speed self accident,1,0,1,2,Ambulance/Petrol Vehicle,The Fatal & Injured person shifted to Jalappa Hospital
554,18-07-2014,5:15 PM,others,1 & 2,1 & 2,fourlane,straight,junction,fine,Bike Drunk & Drive,2,1,0,0,Ambulance/Petrol Vehicle,Shifted to RL Jalappa Hospital Kolar
555,18-06-2016,10:38 PM,skidding,2,1 & 2,fourlane,straight,junction,cloudy,Two wheeler over speed self accident,0,1,0,0,Ambulance,The injured person shifted to MVJ Hospital
556,18-06-2016,11:40 PM,overspeed,1,2 & 4,fourlane,straight,junction,fine,Two wheeler over speed and hit to Tractor,1,0,0,0,Ambulance,The fatal body shifted to MVJ Hospital
557,18-04-2017,9:45 AM,headoncollision,3,2 & 4,fourlane,straight,junction,fine,car over speed and hit to two wheeler,0,0,1,0,Ambulance/Petrol Vehicle,The injured person shifted to Jalappa Hospital Kolar
558,18-04-2017,10:30 PM,headoncollision,2,2 & 5,fourlane,slightcurve,junction,fine,Car over speed hit to Truck,0,1,0,0,Ambulance/Petrol Vehicle,The injured person shifted to MVJ Hospital
559,18-04-2014,5:20 PM,others,2,1,fourlane,straight,junction,fine,Bike Rider,0,2,1,0,Ambulance/Petrol Vehicle,Triple riding on bike and the bike rider was drunken self accident
560,18-03-2017,1:55 PM,headoncollision,3,2,fourlane,straight,junction,fine,Car over speed and hit to car,0,0,3,0,Ambulance/Petrol Vehicle,The injured person shifted to Jalappa Hospital Kolar
561,18-03-2016,12:35 AM,headoncollision,1 & 3,2 & 5,fourlane,straight,tjunction,fine,Bus driver driving wrong route and hit to Bus,1,0,13,0,Ambulance/Petrol Vehicle,The fatal body and injured person shifted to Jalappa Hospital
562,18-03-2015,5:20 PM,others,2 & 4,1,fourlane,straight,junction,fine,Drunk & Drive,0,1,0,2,Ambulance/Petrol Vehicle,The injured person shifted to SNR Hospital
563,18-03-2015,11:30 PM,others,2 & 4,2 & 3,fourlane,straight,junction,fine,The vehicle over speed and skidding,0,1,0,2,Petrol Vehicle,The injured person shifted to Jalappa Hospital
564,18-02-2016,12:20 PM,headoncollision,3,2 & 5,fourlane,straight,tjunction,fine,Two wheeler over speed and vehicle out of control and hit to Truck,0,0,2,0,Ambulance,The injured person shifted to SNR Hospital
565,18-02-2016,8:30 AM,headoncollision,2,2 & 4,fourlane,straight,junction,fine,Two wheeler over speed and hit to Car,0,1,0,0,Ambulance,The injured person shifted to MVJ Hospital
566,18-02-2015,7:00 PM,others,1,2 & 3,fourlane,straight,junction,fine,Vehicle over speed out of control,1,0,0,0,Ambulance/Petrol Vehicle,The fatal body shifted to Jalappa Hospital
567,18-12-2016,1:15 AM,others,1 & 3,2 & 3,fourlane,straight,junction,fine,Car over speed self accident. Defects in mechanical condition,1,0,2,0,Ambulance/Petrol Vehicle,The fatal body & injured person shifted to Jalappa Hospital
568,18-12-2016,7:00 PM,overspeed,1,2,fourlane,straight,junction,fine,Unknown vehicle hit to Road crossing pedestrian,1,0,0,0,Ambulance/Petrol Vehicle,The fatal body shifted to Jalappa Hospital
569,18-12-2016,5:00 AM,headoncollision,2,2 & 5,fourlane,straight,junction,fine,Multi axle over speed and hit to Truck,0,1,0,0,Ambulance/Petrol Vehicle,The injured person shifted to MVJ Hospital
570,18-12-2016,2:10 PM,collisionbrush,2,2 & 9,fourlane,straight,junction,fine,Two wheeler over speed and hit to Auto,0,1,0,0,Ambulance/Petrol Vehicle,The injured person shifted to Private Hospital KR Puram
571,18-12-2016,3:15 PM,overspeed,2 & 3,1 & 2,fourlane,straight,junction,fine,Two wheeler over speed Drunk & Drive,0,3,1,0,Ambulance/Petrol Vehicle,The injured person shifted to MVJ Hospital
572,18-12-2015,5:40 PM,headoncollision,3,2 & 5,fourlane,straight,junction,fine,Car over speed and Hit to Two wheeler,0,0,2,0,Petrol Vehicle,The injured person shifted to Jalappa Hospital
573,18-11-2017,8:45 PM,overspeed,2,2,fourlane,straight,junction,fine,Unknown vehicle hit to Road crossing pedestrian,0,1,0,0,Ambulance/Petrol Vehicle,The injured person shifted to Private Hospital Hoskote
574,18-11-2016,12:10 AM,headoncollision,3,2 & 5,fourlane,straight,junction,fine,Multi Axle over speed and hit to Multi axle,0,0,2,0,Petrol Vehicle,The injured person shifted to Jalappa Hospital Kolar
575,18-11-2016,8:15 PM,overspeed,3 & 4,2,fourlane,straight,tjunction,fine,Car over speed and hit to Agriculture vehicle.,0,0,2,1,Ambulance/Petrol Vehicle,The injured person shifted to Jalappa Hospital Kolar
576,18-10-2017,6:45 AM,skidding,4,2,fourlane,slightcurve,junction,fine,Car over speed self accident,0,0,0,1,Petrol Vehicle,"There is no injured, traffic cleared immediately."
577,18-01-2015,5:00 PM,others,2,2 & 3,fourlane,slightcurve,junction,fine,Bike over speed and vehicle skidding,0,1,0,0,Ambulance/Petrol Vehicle,The injured person shifted to Jalappa Hospital
578,17-09-2017,5:00 AM,skidding,2,1 & 2,fourlane,straight,junction,fine,Car self accident Drink & Drive and Negligence Driving,0,3,0,0,Ambulance/Petrol Vehicle,The injured person shifted to Private Hospital Bhattarhalli
579,17-09-2014,7:00 PM,overspeed,1 & 2,2,fourlane,straight,junction,fine,Bike over speed Hit to TATA 407,1,1,0,0,Ambulance/Petrol Vehicle,The Fatal person and Injured person shifted to MVJ Hospital
580,17-08-2016,5:30 AM,overspeed,1,2,fourlane,straight,junction,fine,Car over speed and hit to road crossing Pedestrian,1,0,0,0,Ambulance/Petrol Vehicle,The fatal body shifted to Govt Hospital Hoskote
581,17-07-2015,5:30 PM,others,2 & 3,2 & 5,fourlane,straight,junction,fine,Car over speed fault of driver other vehicle,0,2,1,0,Ambulance/Petrol Vehicle,The injured person shifted to MVJ Hospital
582,17-07-2015,12:30 AM,overspeed,2,2 & 3,fourlane,straight,junction,fine,Car over speed and hit to Truck,0,1,1,0,Ambulance/Petrol Vehicle,The injured persons shifted to Jalappa Hospital
583,17-05-2016,11:47 PM,headoncollision,2,2,fourlane,straight,junction,fine,Truck over speed self accident,0,3,0,0,Ambulance/Petrol Vehicle,The injured person shifted to Private Hospital
584,17-04-2018,4:15 PM,overspeed,2,2 & 4,fourlane,straight,junction,fine,Truck over speed and hit to Car,0,2,0,0,Ambulance/Petrol Vehicle,The injured person shifted to Private Hospital Hoskote
585,17-04-2017,8:15 AM,rightturncollision,3,2 & 5,fourlane,straight,junction,fine,Two wheeler over speed hit to two wheeler,0,0,1,0,Ambulance/Petrol Vehicle,The injured person shifted to Govt Hospital Avalahalli
586,17-04-2017,11:30 PM,skidding,2,2 & 9,fourlane,straight,junction,fine,Two wheeler over speed Self accident,0,1,0,0,Ambulance,The injured person shifted to KR Puram Private Hospital
587,17-04-2016,2:30 PM,skidding,2 & 3,2 & 3,fourlane,straight,junction,fine,LCV over speed Tyre blast self accident,0,2,3,0,Ambulance/Petrol Vehicle,The injured person shifted to Jalappa Hospital
588,17-04-2015,3:10 AM,headoncollision,3 & 4,3 & 5,fourlane,straight,junction,fine,Truck over speed and Hit to the LCV,0,0,1,1,Ambulance,The injured person shifted to Jalappa Hospital
589,17-02-2018,8:15 AM,headoncollision,1,2 & 5,fourlane,straight,junction,fine,LCV over speed and hit to Two wheeler,1,0,0,0,Petrol Vehicle,The fatal body shifted to Jalappa Hospital
590,17-02-2016,1:40 PM,rearendcollision,3,5,fourlane,straight,junction,fine,Car over speed hit to Two wheeler,0,0,1,0,Ambulance,The injured person shifted to Jalappa Hospital
591,17-11-2016,12:40 PM,overspeed,3 & 4,2 & 9,fourlane,slightcurve,junction,fine,Car over speed and hit to LCV,0,0,1,1,Petrol Vehicle,The injured person shifted to SNR Hospital Kolar
592,17-11-2015,8:15 PM,skidding,1,1,fourlane,straight,junction,fine,Car over speed and hit to Pedestrian cross on the road,1,0,0,0,Ambulance/Petrol Vehicle,The fatal body shifted to Jalappa Hospital
593,17-11-2014,5:45 PM,others,2,2 & 4,fourlane,straight,junction,fine,Fault of Motor vehicle over speed and Hit to BMTC Bus,0,1,0,0,Ambulance,The injured person shifted to KR Puram Govt. Hospital
594,17-11-2014,4:30 PM,others,2,3,fourlane,straight,junction,fine,BBMP Garbage vehicle overload and vehicle upset in the carriageway,0,1,0,0,Ambulance/Petrol Vehicle,The injured person shifted to MVJ Hospital
595,17-10-2017,5:30 AM,headoncollision,1 & 3,2 & 9,fourlane,straight,junction,fine,LCV over speed and hit to Two wheeler,1,0,2,0,Ambulance/Petrol Vehicle,The fatal body & injured person shifted to Jalappa Hospital
596,17-10-2016,7:15 PM,overspeed,2,7,fourlane,straight,junction,fine,Bus hit to road crossing pedestrian. Fault of Pedestrian,0,1,0,0,Ambulance,The injured person shifted to MVJ Hospital
597,17-10-2015,2:30 PM,headoncollision,2,2 & 5,fourlane,straight,junction,fine,Car over speed and Hit to Road crossing Lorry,0,5,0,0,Ambulance/Petrol Vehicle,The injure person shifted to MVJ Hospital
598,17-10-2014,9:17 AM,skidding,2,3,fourlane,straight,junction,fine,car over speed vehicle out of control,0,1,0,0,Ambulance/Petrol Vehicle,The injured persons shifted to MVJ Hospital
599,17-10-2014,10:30 PM,overspeed,4,2,fourlane,straight,junction,fine,Truck,0,0,0,0,Petrol Vehicle,Traffic clear
600,17-10-2014,10:30 AM,overspeed,2 & 3 & 4,2,fourlane,slightcurve,junction,fine,Car over speed,0,2,2,1,Ambulance/Petrol Vehicle,The injured persons shifted to Jalapa Hospital
601,17-01-2015,11:45 AM,headoncollision,2 & 3,3 & 5,fourlane,straight,junction,fine,Car tyre blast vehicle out of control and hit to Two wheeler,0,1,1,0,Petrol Vehicle,The injured person shifted to MVJ Hospital
602,16-09-2017,12:30 PM,overspeed,1,2 & 5,fourlane,straight,junction,fine,Unknown vehicle hit to Road crossing pedestrian,1,0,0,0,Ambulance/Petrol Vehicle,The fatal body shifted to Jalappa Hospital
603,16-09-2016,5:30 PM,headoncollision,2,2 & 4,fourlane,straight,junction,fine,Two wheeler over speed Self accident,0,2,0,0,Ambulance/Petrol Vehicle,The injured person shifted to MVJ Hospital
604,16-09-2016,5:30 PM,skidding,2,2 & 3,fourlane,straight,junction,fine,Two wheeler over speed self accident,0,2,0,0,Ambulance/Petrol Vehicle,The injured person shifted to MVJ Hospital
605,16-09-2014,10:30 AM,headoncollision,1 & 2,1,fourlane,straight,junction,fine,Bike over speed Drunken and Drive Hit to Tractor,1,1,0,0,Ambulance/Petrol Vehicle,The Fatal person and Injured person shifted to Govt Hospital Mulbagal
606,16-08-2015,5:35 PM,headoncollision,3 & 4,2 & 4,fourlane,straight,junction,fine,Two wheeler over speed and hit to Two wheeler,0,0,1,1,Ambulance/Petrol Vehicle,The injured person shifted to SNR Hospital
607,16-08-2014,10:35 AM,others,3 & 4,3,fourlane,straight,junction,fine,Car,0,0,3,1,Ambulance/Petrol Vehicle,"3-Minor, 1- Non injured. Helping Ambulance shifted to Jalappa Hospital."
608,16-07-2016,1:00 PM,overspeed,3 & 4,9,fourlane,straight,junction,fine,LCV over speed and hit to LCV. Defects in mechanical condition,0,0,1,1,Ambulance,The injured person shifted to Jalappa Hospital
609,16-06-2016,7:10 AM,headoncollision,3,2 & 5,fourlane,sharpcurve,tjunction,fine,Two wheeler over speed and over take the bus. Bus hit to Two wheeler,0,0,1,0,Petrol Vehicle,The injured person shifted to Jalappa Hospital
610,16-06-2016,11:30 PM,headoncollision,3,2 & 5,fourlane,straight,tjunction,fine,LCV over speed and hit to Truck,0,0,1,0,Petrol Vehicle,The injured person shifted to KR Puram Govt. Hospital
611,16-06-2014,11:45 PM,others,2 & 3 & 4,2,fourlane,straight,junction,fine,Car,0,1,1,3,Petrol Vehicle,Helping Patrolling & 108 shifted to Govt. Hospital Kolar
612,16-05-2017,8:30 AM,headoncollision,2,2 & 4,fourlane,straight,junction,fine,Two wheeler over speed and hit to car,0,1,0,0,Ambulance/Petrol Vehicle,The injured person shifted to MVJ Hospital
613,16-05-2015,10:45 AM,others,2,2 & 3,fourlane,straight,junction,fine,Vehicle over speed and Out of Control,0,2,0,0,Ambulance/Petrol Vehicle,The injured person shifted to MVJ Hospital
614,16-04-2017,2:00 PM,skidding,3,4,fourlane,straight,junction,fine,Two wheeler over speed Self accident,0,0,2,0,Petrol Vehicle,The injured person shifted to Jalappa Hospital Kolar
615,16-04-2016,8:55 AM,headoncollision,3,3 & 5,fourlane,straight,junction,fine,Car over speed vehicle out of control hit to Agricultural vehicle.,0,0,2,0,Ambulance,The injured person shifted to Jalappa Hospital
616,16-04-2014,5:30 PM,others,3,4,fourlane,straight,junction,fine,Bike,0,0,1,0,Ambulance/Petrol Vehicle,Due break failure bike ramed into median self accident
617,16-03-2016,5:00 AM,overspeed,3,2 & 3,fourlane,straight,forearmjunction,fine,Multi axle over speed self accident,0,0,1,0,Ambulance,The injured person shifted to Jalappa Hospital
618,16-02-2018,7:15 AM,headoncollision,1,2,fourlane,straight,junction,fine,Multi Axle hit to Two wheeler.,1,0,0,0,Petrol Vehicle,The injured person shifted to Jalappa Hospital Kolar
619,16-02-2018,7:15 AM,overspeed,1,4,fourlane,slightcurve,junction,fine,Fault of road crossing pedestrian. Vehicle over speed and hit to pedestrian,1,0,0,0,Petrol Vehicle,The fatal body shifted to Jalappa Hospital
620,16-12-2016,4:00 AM,headoncollision,3,2 & 5,fourlane,straight,junction,fine,Truck over speed and hit to Car,0,0,2,0,Ambulance/Petrol Vehicle,The injured person shifted to Jalappa Hospital Kolar
621,16-12-2016,4:30 PM,others,1,2,fourlane,straight,junction,fine,Two wheeler over speed Self accident,1,0,0,0,Ambulance/Petrol Vehicle,The fatal body shifted to Govt Hoskote
622,16-12-2015,4:30 PM,skidding,3,2 & 3,fourlane,straight,junction,fine,Car overspeed and skidding fault of driver self accident,0,0,1,0,Petrol Vehicle,The injured person shifted to Jalappa Hospital
623,16-11-2017,7:00 AM,headoncollision,3,2 & 5,fourlane,straight,junction,fine,Truck over speed and hit to LCV,0,0,1,0,Ambulance/Petrol Vehicle,The injured person shifted to MVJ Hospital
624,16-11-2016,12:10 AM,skidding,1 & 3,2 & 5,fourlane,straight,junction,fine,Multi Axle hit to Two wheeler.,1,0,1,0,Ambulance/Petrol Vehicle,The fatal body & injured person shifted to Jalappa Hospital
625,16-11-2014,12:05 AM,overspeed,3 & 4,2 & 5,fourlane,straight,tjunction,fine,Vehicle over speed and hit to the road crossing vehicle,0,0,1,5,Petrol Vehicle,Helping of Patrol vehicle
626,16-10-2017,2:10 AM,headoncollision,2 & 3,2,fourlane,straight,junction,fine,Truck over speed and hit to Car,0,1,4,0,Petrol Vehicle,The injured person shifted to MVJ Hospital
627,16-10-2016,3:00 PM,headoncollision,1 & 3,2 & 5,fourlane,slightcurve,junction,fine,Truck over speed and hit to Tractor,1,0,1,0,Ambulance/Petrol Vehicle,The fatal body & injured person shifted to Jalappa Hospital
628,16-01-2017,4:05 PM,overspeed,3 & 4,2 & 5,fourlane,straight,junction,fine,car over speed and hit to two wheeler,0,0,2,1,Ambulance/Petrol Vehicle,The injured person shifted to Jalappa Hospital Kolar
629,16-01-2016,11:30 PM,collisionbrush,3,2 & 5,fourlane,straight,junction,fine,Truck lost control and hit to the car. Negligent driving of car driver.,0,0,2,0,Ambulance,The injured person shifted to MVJ Hospital
630,16-01-2016,11:15 PM,skidding,2,1 & 2,fourlane,straight,junction,fine,Self accidents Drunk & Drive,0,2,0,0,Ambulance/Petrol Vehicle,The injured person shifted to MVJ Hospital
631,15-09-2016,9:45 PM,headoncollision,3,2,fourlane,straight,junction,fine,Two wheeler over speed defects in mechanical condition,0,0,1,0,Ambulance,The Injured person shifted to Jalappa Hospital
632,15-09-2015,5:00 AM,overspeed,3,1 & 3,fourlane,straight,junction,fine,Drunk & Drive,0,0,3,0,Ambulance,The injured person shifted to SNR Hospital
633,15-08-2016,3:45 PM,overspeed,3,3 & 9,fourlane,straight,junction,fine,Car fault of mechanical condition vehicle out of control,0,0,4,0,Ambulance/Petrol Vehicle,The injured person shifted to Jalappa Hospital
634,15-08-2016,3:30 PM,rearendcollision,1 & 3,2 & 4,fourlane,straight,junction,fine,Two wheeler over speed and hit to LCV,1,0,1,0,Ambulance/Petrol Vehicle,The Fatal & Injured person shifted to Jalappa Hospital
635,15-08-2016,12:40 AM,headoncollision,1,2 & 5,fourlane,straight,junction,fine,Bus over speed and Hit to Tow wheeler,2,0,0,0,Ambulance/Petrol Vehicle,The fatal body shifted to MVJ Hospital
636,15-07-2014,1:30 PM,others,3,2,fourlane,slightcurve,tjunction,fine,Bike,0,0,1,0,Ambulance/Petrol Vehicle,Shifted to SNR Hospital Kolar
637,15-06-2015,8:35 PM,others,3,2,fourlane,straight,junction,fine,Tata Ace,0,0,1,0,Ambulance,Tata Ace lost control by over speed and shifted to RLJ hospital
638,15-06-2015,1:00 AM,others,3,2,fourlane,straight,junction,fine,Car,0,0,1,0,Ambulance,Car lost control by over speed (self accident)
639,15-06-2014,2:00 PM,overspeed,2 & 3 & 4,3,fourlane,straight,junction,fine,Innova Car,0,2,1,4,Ambulance/Petrol Vehicle,Helping Patrolling & Ambulance shifted to Jalapa hospital.
640,15-05-2017,11:35 AM,headoncollision,1,2 & 5,fourlane,sharpcurve,junction,fine,Unknown vehicle over speed and hit to two wheeler,2,0,0,0,Ambulance/Petrol Vehicle,The fatal body shifted to Jalappa Hospital
641,15-05-2016,1:45 AM,headoncollision,1,2 & 5,fourlane,straight,junction,fine,LCV over speed and hit to car,1,0,0,0,Ambulance/Petrol Vehicle,The fatal body shifted to Govt. Hospital
642,15-03-2017,3:50 PM,overspeed,1,2 & 9,fourlane,straight,junction,fine,Self accident Car,1,0,0,0,Ambulance/Petrol Vehicle,The fatal body shifted to Jalappa Hospital
643,15-02-2018,4:20 PM,overspeed,2,2 & 5,fourlane,straight,junction,fine,LCV over speed and hit to Two wheeler,0,1,0,0,Ambulance/Petrol Vehicle,The injured person shifted to Private Hospital Hoskote
644,15-02-2015,7:10 PM,overspeed,3,2 & 5,fourlane,straight,junction,fine,Car over speed and Hit to the Motor vehicle,0,0,2,0,Ambulance/Petrol Vehicle,The injured person shifted to MVJ Hospital
645,15-12-2017,9:30 AM,headoncollision,2,2 & 9,fourlane,straight,junction,fine,Two wheeler over speed Self accident,0,1,0,0,Ambulance/Petrol Vehicle,The injured person shifted to Private Hospital Hoskote
646,15-12-2016,7:05 PM,rearendcollision,2,2 & 5,fourlane,slightcurve,junction,fine,Two wheeler over speed and hit to two wheeler,0,1,0,0,Petrol Vehicle,The injured person shifted to MVJ Hospital
647,15-12-2015,11:15 AM,skidding,1,2 & 5,fourlane,straight,junction,fine,Bus over speed and Hit to Road crossing Pedestrian,1,0,0,0,Ambulance/Petrol Vehicle,The fatal body shifted to MVJ Hospital
648,15-12-2014,12:30 PM,overspeed,2 & 3 & 4,2 & 5,fourlane,straight,junction,fine,KSRTC bus hit to the Tata Ace due to over speed and over turning,0,1,3,20,Ambulance/Petrol Vehicle,The injured person shifted to SNR Hospital
649,15-11-2014,4:30 PM,others,3 & 4,2 & 3,fourlane,slightcurve,junction,fine,Vehicle over speed and Out of Control,0,0,4,1,Ambulance,"The injured person shifted to Govt Hospital, Kolar"
650,15-11-2014,10:30 PM,others,2,7,fourlane,straight,junction,fine,Fault of Pedestrian for Road Cross,0,1,0,0,Ambulance/Petrol Vehicle,The injured person shifted to MVJ Hospital
651,15-01-2018,7:15 AM,skidding,3,2 & 3,fourlane,straight,junction,fine,Car over speed self accident,0,0,2,0,Ambulance/Petrol Vehicle,The injured person shifted to Jalappa Hospital Kolar
652,15-01-2018,11:45 PM,overspeed,1,7,fourlane,straight,junction,fine,Fault of Road crossing pedestrian,1,0,0,0,Ambulance/Petrol Vehicle,The injured person shifted to MVJ Hospital
653,14-09-2016,10:45 AM,skidding,2,2,fourlane,straight,junction,fine,Two wheeler over speed self accident,0,1,0,0,Ambulance/Petrol Vehicle,The injured person shifted to Satya sai Hospital
654,14-09-2016,10:45 AM,skidding,2,2 & 3 & 4,fourlane,straight,junction,fine,car over speed and hit to two wheeler,0,1,0,0,Ambulance,The injured person shifted to Private Hospital KR Puram
655,14-09-2015,11:00 PM,skidding,1,2,fourlane,straight,junction,fine,Self accident vehicle over speed,1,0,0,0,Ambulance/Petrol Vehicle,The fatal body shifted to Govt Hospital Hoskote
656,14-09-2015,10:35 AM,skidding,3,2 & 4,fourlane,straight,junction,fine,Two wheeler over speed and hit to Two wheeler,0,0,1,0,Ambulance,The injured person shifted to Jalappa Hospital
657,14-08-2016,5:45 AM,headoncollision,1 & 2,2 & 5,fourlane,straight,junction,fine,Truck over speed and hit to car,1,3,0,0,Ambulance/Petrol Vehicle,The Fatal & Injured person shifted to Private Hospital KR Puram
658,14-08-2016,1:40 AM,overspeed,3,2 & 3 & 9,fourlane,straight,junction,fine,Truck over speed and hit to Bus,0,0,20,0,Ambulance/Petrol Vehicle,The minor injured person shifted to Hospital
659,14-08-2016,2:00 PM,collisionbrush,3,2 & 4,fourlane,straight,junction,fine,Two wheeler over speed and hit to Car,0,0,1,0,Petrol Vehicle,-
660,14-08-2014,7:35 AM,others,4,2,fourlane,straight,junction,fine,TATA Indica,0,0,0,4,Ambulance/Petrol Vehicle,Non injured
661,14-07-2017,3:20 PM,headoncollision,2,2,fourlane,straight,junction,fine,Two wheeler over speed and hit to Auto,0,2,0,0,Ambulance/Petrol Vehicle,The injured person shifted to Private Hospital Hoskote
662,14-07-2016,5:30 AM,overspeed,2,2,fourlane,straight,junction,fine,Car over speed and hit to road crossing Pedestrian,0,1,0,0,Ambulance,The injured person shifted to MVJ Hospital
663,14-07-2015,9:00 AM,skidding,4,2 & 3,fourlane,slightcurve,junction,fine,Bike over speed fault of Motor vehicle,0,0,0,1,Petrol Vehicle,-
664,14-07-2015,10:45 PM,others,2,1 & 3,fourlane,slightcurve,junction,fine,Drunk & Drive,0,2,0,0,Ambulance/Petrol Vehicle,The injured person shifted to MVJ Hospital
665,14-07-2015,9:45 PM,overspeed,1,2 & 4,fourlane,straight,junction,fine,Fault of car vehicle over speed and hit to bike,1,0,0,0,Ambulance/Petrol Vehicle,The injured person shifted to MVJ Hospital
666,14-06-2017,5:30 AM,headoncollision,2,2 & 5,fourlane,straight,junction,fine,car over speed and hit to two wheeler,0,2,0,0,Ambulance/Petrol Vehicle,The injured person shifted to Private Hospital Hoskote
667,14-06-2015,2:30 PM,others,3,-,fourlane,straight,junction,fine,Car,0,1,2,0,Ambulance,Car hits bike by over speeding
668,14-06-2015,6:30 PM,others,3,2,fourlane,straight,junction,fine,Bike,1,0,1,0,Ambulance,Bike lost control by over speed (self accident) and shifted to SNR hospital
669,14-05-2018,6:10 AM,overspeed,1,5,fourlane,straight,forearmjunction,fine,Unknown vehicle hit to Road crossing pedestrian,1,0,0,0,Ambulance/Petrol Vehicle,The fatal body shifted to Govt Hoskote
670,14-05-2018,5:15 AM,overspeed,1,2 & 5,fourlane,straight,junction,fine,Unknown vehicle over speed and hit to two wheeler,1,0,0,0,Ambulance/Petrol Vehicle,The fatal body shifted to Jalappa Hospital
671,14-05-2017,2:00 PM,headoncollision,3,2 & 5,fourlane,straight,junction,fine,car over speed and hit to two wheeler,0,0,1,0,Petrol Vehicle,The fatal body shifted to Jalappa Hospital
672,14-05-2015,9:35 AM,headoncollision,2 & 4,1 & 5,fourlane,straight,junction,fine,Drunk & Drive vehicle out of control and Hit to the Bike,0,1,0,4,Petrol Vehicle,The injured person shifted to Jalappa Hospital