SrNo,Date,TimeOfAcc,Nature of Accident,Classification of Accident,Causes,Road Feature,Road Condition,Intersection Type and Control,Weather Condition,VehicleResponsible,Fatal,Grevious,Minor,Injured,Help Provided by Ambulance/Patrol,Remarks
673,14-05-2015,11:55 AM,headoncollision,1 & 2,2 & 3,fourlane,straight,junction,fine,Sumo over speed and hit to the Multi Axle in Maincarriageway,4,3,0,0,Ambulance/Petrol Vehicle,The Fatal & Injured person shifted to MVJ Hospital
674,14-04-2018,3:00 AM,skidding,1,7,fourlane,straight,junction,fine,Unknown vehicle hit to Road crossing pedestrian. Fault of pedestrian.,1,0,0,0,Ambulance/Petrol Vehicle,The fatal body shifted to Jalappa Hospital
675,14-04-2016,12:45 AM,skidding,2,2,fourlane,straight,junction,fine,LCV over speed hit to car,1,0,0,0,Petrol Vehicle,The injured person shifted to MVJ Hospital
676,14-04-2016,4:30 AM,headoncollision,3,2 & 5,fourlane,straight,junction,fine,Truck hit to car. Fault of car,0,0,2,0,Ambulance/Petrol Vehicle,The injured person shifted to MVJ Hospital
677,14-04-2016,3:00 AM,overspeed,3,3,fourlane,straight,junction,fine,LCV Tyre blast vehicle out of control,0,0,1,0,Ambulance,The injured person shifted to Jalappa Hospital
678,14-03-2018,2:45 PM,overspeed,2,9,fourlane,straight,junction,fine,Car over speed self accident,0,1,0,0,Ambulance/Petrol Vehicle,The injured person shifted to Private Hospital Hoskote
679,14-03-2017,11:30 AM,headoncollision,2,2 & 4,fourlane,straight,junction,fine,Fault of Two wheeler over speed to crossing road car was hit to two wheeler.,0,2,0,0,Ambulance/Petrol Vehicle,The injured person shifted to Private Hospital Hoskote
680,14-03-2015,10:15 PM,others,1,3 & 4,fourlane,straight,junction,fine,Over speed vehicle out of control and hit to the loory,2,0,0,0,Ambulance/Petrol Vehicle,The fatal body shifted to MVJ Hospital
681,14-02-2017,3:45 PM,headoncollision,1 & 3,2 & 9,fourlane,straight,junction,fine,Car over speed and hit to LCV,1,0,4,0,Ambulance/Petrol Vehicle,The fatal body & injured person shifted to Jalappa Hospital
682,14-02-2017,4:50 PM,collisionbrush,1 & 3,2 & 5,fourlane,straight,staggeredjunction,fine,Car over speed and hit to LCV,1,0,3,0,Ambulance/Petrol Vehicle,The fatal body & injured person shifted to Jalappa Hospital
683,14-02-2017,9:35 PM,overspeed,1,2,fourlane,straight,junction,fine,Fault of Road crossing pedestrian,1,0,0,0,Ambulance/Petrol Vehicle,The fatal body shifted to Jalappa Hospital
684,14-02-2016,1:30 AM,headoncollision,2,2 & 3 & 5,fourlane,straight,junction,fine,Car over speed hit to car,0,2,0,0,Ambulance,The injured person shifted to Jalappa Hospital
685,14-02-2015,10:00 PM,others,2 & 3,2 & 4,fourlane,straight,junction,fine,Fault of Motor vehicel over speeding,0,2,1,0,Ambulance/Petrol Vehicle,The injured person shifted to MVJ Hospital
686,14-12-2017,1:30 PM,overspeed,2,2 & 5,fourlane,straight,junction,fine,Two wheeler over speed Self accident,0,1,0,0,Ambulance,The injured person shifted to Bangalore Hospital
687,14-12-2015,9:05 PM,headoncollision,1,2 & 4,fourlane,straight,junction,fine,Two wheeler speed and Hit to Crane,1,0,0,0,Ambulance/Petrol Vehicle,The fatal body shifted to MVJ Hospital
688,14-11-2016,3:20 PM,overspeed,3 & 4,9,fourlane,slightcurve,junction,fine,Car over speed and hit to Agriculture vehicle.,0,0,1,1,Petrol Vehicle,The injured person shifted to Jalappa Hospital Kolar
689,14-01-2017,8:10 PM,skidding,3,7,fourlane,straight,tjunction,fine,Fault of road crossing pedestrian.,0,0,1,0,Ambulance/Petrol Vehicle,The injured person shifted to Jalappa Hospital Kolar
690,14-01-2016,6:45 PM,headoncollision,3,2 & 5,fourlane,straight,junction,fine,Car over speed and hit to car,0,0,2,0,Ambulance/Petrol Vehicle,The injured person shifted to Jalappa Hospital
691,13-08-2016,7:50 PM,skidding,3,1 & 4,fourlane,straight,junction,fine,Two wheeler self accident Drunk & Drive,0,0,1,0,Petrol Vehicle,The injured person shifted to Jalappa Hospital
692,13-08-2015,11:00 PM,overspeed,1 & 3,2 & 3 & 5,fourlane,straight,junction,fine,Car over speed and hit to car,1,0,2,0,Ambulance/Petrol Vehicle,the fatal body and injured person shifted to SNR Hospital
693,13-08-2014,8:35 AM,others,3 & 4,2,fourlane,slightcurve,junction,fine,TATA ACE,0,0,1,2,Ambulance/Petrol Vehicle,"Tata Ace Over speed. 1-Minor, 2- non injured. Shifted to Ambulance Jalappa Hospital Kolar."
694,13-08-2014,4:35 PM,overspeed,2 & 3,2 & 3,fourlane,straight,junction,fine,Car,0,1,2,0,Ambulance/Petrol Vehicle,"1-Minor, 2-Non injured. Helping Ambulance shifted to Jalappa Hospital."
695,13-07-2016,5:45 AM,headoncollision,2,2,fourlane,straight,junction,fine,Car over speed and hit to car.,0,4,0,0,Ambulance/Petrol Vehicle,The injured person shifted to Private Hospital
696,13-06-2016,6:00 PM,headoncollision,2,2 & 3 & 5,fourlane,straight,junction,fine,Car over speed and hit to over turning car,0,1,0,0,Ambulance/Petrol Vehicle,The injured person shifted to MVJ Hospital
697,13-05-2018,1:00 AM,headoncollision,1,2 & 3,fourlane,straight,junction,cloudy,Van over speed self accident,1,0,0,0,Ambulance,The fatal body shifted to Govt. Hospital Hoskote
698,13-05-2017,11:30 PM,skidding,3,2,fourlane,straight,junction,fine,Two wheeler over speed Self accident,0,0,1,0,Petrol Vehicle,The fatal body shifted to Jalappa Hospital
699,13-05-2014,10:45 AM,,1,3,fourlane,straight,junction,fine,Car lost control,2,0,0,0,Ambulance/Petrol Vehicle,Car Driver lost control and hit anoher car
700,13-05-2014,10:45 AM,others,1,2,fourlane,straight,junction,fine,Car,2,0,0,0,Ambulance/Petrol Vehicle,Due to over speed car collided with another car
701,13-04-2017,7:45 PM,skidding,2,4,fourlane,straight,junction,fine,Two wheeler over speed Self accident,0,0,1,0,Petrol Vehicle,The injured person shifted to Govt Hospital Avalahalli
702,13-04-2017,4:45 PM,skidding,2,2 & 4,fourlane,straight,junction,fine,Two wheeler over speed and hit to two wheeler,0,1,0,0,Ambulance/Petrol Vehicle,The injured person shifted to MVJ Hospital
703,13-04-2015,5:35 PM,others,3 & 4,1,fourlane,straight,junction,fine,Drunk & Drive,0,0,1,3,Ambulance/Petrol Vehicle,The injured person shifted to Jalappa Hospital
704,13-02-2018,11:20 PM,headoncollision,2,2 & 4,fourlane,straight,junction,fine,Two wheeler over speed and hit to LCV,0,1,0,0,Ambulance/Petrol Vehicle,The injured person shifted to Private Hospital Hoskote
705,13-02-2016,11:54 PM,overspeed,2,2 & 3 & 5,fourlane,straight,junction,fine,Car over speed and hit to car,0,3,0,0,Ambulance/Petrol Vehicle,The injured person shifted to MVJ Hospital
706,13-12-2016,2:30 PM,overspeed,4,9,fourlane,straight,junction,fine,Multi axle hit to Truck,0,0,0,2,Petrol Vehicle,Non-injured traffic clear
707,13-12-2016,9:00 PM,others,3,2 & 3,fourlane,straight,junction,fine,Car self accident due to Over speed,0,0,1,0,Petrol Vehicle,The injured person shifted to Jalappa Hospital Kolar
708,13-11-2015,12:05 PM,headoncollision,3,2 & 4,fourlane,straight,junction,cloudy,Car hit to Two wheeler due to bike over speed turning the car,0,0,1,0,Ambulance,The injured person shifted to SNR Hospital
709,13-11-2014,1:25 PM,skidding,3,3,fourlane,straight,junction,heavyrain,Self,0,0,1,0,Ambulance/Petrol Vehicle,The injured person shifted to MVJ Hospital
710,13-11-2014,6:25 PM,others,2,7,fourlane,straight,junction,fine,Fault of Pedestrian road crossing the vehicle hit to the pedestrian,0,1,0,0,Ambulance/Petrol Vehicle,The injured person shifted to MVJ Hospital
711,13-11-2014,2:30 PM,others,2 & 3,3,fourlane,straight,junction,fine,Tyre blast vehicle out of control,0,2,1,0,Ambulance/Petrol Vehicle,The injured person shifted to MVJ Hospital
712,13-10-2017,12:30 AM,skidding,1,1,fourlane,straight,junction,fine,Two wheeler over speed Self accident Drunk & Drive,1,0,0,0,Ambulance/Petrol Vehicle,The injured person shifted to Govt Hospital Avalahalli
713,13-10-2016,10:45 PM,rearendcollision,2,2 & 4,fourlane,straight,junction,fine,Two wheeler over speed and hit to car in MCW,0,1,0,0,Petrol Vehicle,The injured person shifted to KR Puram Private Hospital
714,13-10-2014,3:45 PM,overspeed,3,2,fourlane,slightcurve,junction,fine,Car over speed,0,0,1,0,Ambulance/Petrol Vehicle,The injured persons shifted to MVJ Hospital
715,13-01-2017,4:00 PM,skidding,3,2 & 4,fourlane,straight,tjunction,fine,Two wheeler over speed and hit to LCV,0,0,1,0,Ambulance/Petrol Vehicle,The injured person shifted to Jalappa Hospital Kolar
716,13-01-2017,3:00 PM,overspeed,1,2 & 5,fourlane,straight,junction,fine,car over speed and hit to two wheeler,3,0,0,0,Ambulance/Petrol Vehicle,The fatal body shifted to Govt Hoskote
717,13-01-2017,6:55 AM,overspeed,3 & 4,2,fourlane,straight,junction,fine,Bus over speed and hit to Car,0,0,1,1,Ambulance/Petrol Vehicle,The injured person shifted to Jalappa Hospital Kolar
718,12-09-2015,3:30 PM,overspeed,2,2 & 4,fourlane,straight,junction,fine,Two wheeler over speed and hit to LCV,0,2,0,0,Ambulance/Petrol Vehicle,The injured person shifted to MVJ Hospital
719,12-07-2017,10:15 PM,headoncollision,2,2 & 4,fourlane,straight,junction,fine,Two wheeler over speed and hit to two wheeler,0,2,0,0,Ambulance/Petrol Vehicle,The injured person shifted to Private Hospital Bhattarhalli
720,12-07-2016,11:30 PM,headoncollision,2,2 & 5,fourlane,straight,junction,fine,Multi axle over speed and hit to Two wheeler,0,1,0,0,Ambulance,The injured person shifted to Private Hospital
721,12-07-2016,5:45 PM,rearendcollision,3 & 4,2 & 5,fourlane,slightcurve,junction,fine,Bus over speed and Hit to Tow wheeler,0,0,1,1,Ambulance/Petrol Vehicle,The injured person shifted to SNR Hospital
722,12-07-2014,2:30 PM,overspeed,2 & 3,2,fourlane,straight,junction,fine,Bike,0,1,1,0,Ambulance/Petrol Vehicle,shifted to Hospital MVJ Hoskote
723,12-06-2016,8:10 PM,skidding,3,2 & 4,fourlane,straight,junction,fine,Two wheeler over speed self accident,0,0,1,0,Ambulance,The injured person shifted to MVJ Hospital
724,12-06-2014,2:30 PM,others,2,2,fourlane,slightcurve,junction,fine,Bike,0,1,1,0,Ambulance/Petrol Vehicle,Self accident Drunk & Drive
725,12-05-2016,11:40 AM,headoncollision,2,2 & 4,fourlane,straight,junction,fine,Two wheeler over speed and hit to Car,0,2,0,0,Ambulance/Petrol Vehicle,The injured person shifted to MVJ Hospital
726,12-05-2015,9:45 AM,headoncollision,2,2 & 3 & 5,fourlane,straight,junction,fine,Bike over speed fault of Motor vehicle,0,3,0,0,Ambulance/Petrol Vehicle,The injured person shifted to MVJ Hospital
727,12-04-2018,9:00 AM,skidding,2,2 & 4,fourlane,straight,junction,fine,Two wheeler over speed and hit to two wheeler. Negligence Driving.,0,2,0,0,Ambulance/Petrol Vehicle,The injured person shifted to Private Hospital Hoskote
728,12-03-2017,5:15 PM,skidding,3,4,fourlane,straight,junction,fine,Self accident Two wheeler over speed,0,0,1,0,Ambulance/Petrol Vehicle,The injured person shifted to Jalappa Hospital Kolar
729,12-02-2018,12:10 PM,headoncollision,2,2 & 5,fourlane,straight,junction,fine,Car over speed and hit to car,0,1,0,0,Petrol Vehicle,The injured person shifted to Private Hospital Hoskote
730,12-02-2017,9:45 AM,overspeed,2,2,fourlane,straight,junction,fine,Car over speed hit to Hydra,0,3,0,0,Ambulance/Petrol Vehicle,The injured person shifted to Private Hospital Bhattarhalli
731,12-02-2017,11:30 AM,headoncollision,2,3 & 4,fourlane,straight,junction,fine,Two wheeler over speed and hit to car,0,0,1,0,Ambulance/Petrol Vehicle,The injured person shifted to Jalappa Hospital Kolar
732,12-02-2016,9:45 PM,headoncollision,1 & 2,2 & 4,fourlane,straight,junction,fine,Two wheeler over speed and hit to Truck,1,1,0,0,Ambulance/Petrol Vehicle,The fatal body and injured person shifted to MVJ Hospital
733,12-12-2016,1:30 PM,overspeed,4,2,fourlane,straight,junction,fine,Truck over speed and hit to LCV,0,0,0,2,Petrol Vehicle,Non injured traffic clear
734,12-11-2017,12:30 PM,skidding,2,2,fourlane,straight,junction,fine,Car over speed self accident,0,1,0,0,Ambulance/Petrol Vehicle,The injured person shifted to Private Hospital Hoskote
735,12-11-2016,10:15 AM,skidding,3,2 & 5,fourlane,straight,junction,fine,car over speed and hit to two wheeler,0,0,2,0,Petrol Vehicle,The injured person shifted to Jalappa Hospital Kolar
736,12-10-2014,6:00 PM,overspeed,2 & 3,2 & 3,fourlane,slightcurve,junction,fine,Car over speed,0,1,1,0,Ambulance/Petrol Vehicle,The injured persons shifted to SNR Hospital
737,12-01-2018,5:15 PM,headoncollision,2,2 & 5,fourlane,straight,junction,fine,LCV over speed and hit to Car,0,1,0,0,Ambulance/Petrol Vehicle,The injured person shifted to Private Hospital Hoskote
738,12-01-2016,7:58 AM,rearendcollision,3,5 & 9,fourlane,straight,junction,fine,Mini truck crushed with school bus. Negligent driving of Mini truck driver,0,0,4,0,Ambulance,The injured person shifted to MVJ Hospital
739,12-01-2015,10:00 PM,others,2 & 4,1,fourlane,straight,junction,fine,Drunk & Drive,0,1,0,3,Ambulance/Petrol Vehicle,The injured person shifted to SNR Hospital
740,11-07-2016,10:25 AM,skidding,3,2 & 3,fourlane,straight,junction,fine,Two wheeler over speed self accident,0,0,1,0,Ambulance/Petrol Vehicle,The injured person shifted to Jalappa Hospital
741,11-06-2017,10:30 PM,overspeed,1 & 3,2 & 9,fourlane,straight,junction,fine,Car over speed self accident. Defects in mechanical condition,1,0,1,0,Ambulance/Petrol Vehicle,The fatal body shifted to Jalappa Hospital
742,11-06-2017,4:50 PM,skidding,2,4,fourlane,straight,junction,fine,Two wheeler over speed Self accident,0,2,0,0,Ambulance/Petrol Vehicle,The injured person shifted to Private Hospital Bhattarhalli
743,11-06-2017,12:50 PM,overspeed,2,7,fourlane,straight,junction,fine,Fault of Road crossing pedestrian,0,2,0,0,Ambulance/Petrol Vehicle,The injured person shifted to Private Hospital Bhattarhalli
744,11-06-2015,9:15 PM,others,3,7,fourlane,straight,junction,fine,No Vehicle,0,0,1,0,Ambulance,
745,11-04-2017,2:10 PM,overspeed,3,2,fourlane,straight,junction,fine,Car over speed self accident. Defects in mechanical condition,0,0,3,0,Ambulance/Petrol Vehicle,The injured person shifted to Jalappa Hospital Kolar
746,11-04-2015,1:05 PM,overspeed,2 & 3 & 4,2 & 3,fourlane,straight,junction,fine,Bike over speed fault of Motor vehicle,0,1,1,2,Ambulance/Petrol Vehicle,The injured person shifted to Jalappa Hospital
747,11-03-2018,1:00 PM,overspeed,2,2 & 4,fourlane,straight,junction,fine,Two wheeler over speed Self accident,0,1,0,0,Ambulance,The injured person shifted to Private Hospital Hoskote
748,11-02-2015,6:00 AM,overspeed,1,2 & 5,fourlane,straight,tjunction,fine,Bus over speed and Hit to Tractor,1,0,0,0,Petrol Vehicle,The injured person shifted to SNR Hospital
749,11-12-2016,12:55 PM,headoncollision,2,2 & 5,fourlane,straight,junction,fine,car over speed and hit to two wheeler,0,2,0,0,Ambulance/Petrol Vehicle,The injured person shifted to MVJ Hospital
750,11-12-2014,1:15 PM,overspeed,1 & 2,2 & 3,fourlane,straight,junction,fine,Bike over speed fault of Motor vehicle,1,1,0,0,Ambulance/Petrol Vehicle,The injured person shifted to MVJ Hospital
751,11-11-2017,8:30 PM,overspeed,1 & 4,2,fourlane,straight,junction,fine,Two wheeler over speed and hit to two wheeler,1,0,0,1,Petrol Vehicle,The fatal body shifted to Jalappa Hospital
752,11-11-2016,11:10 PM,headoncollision,2 & 3,9,fourlane,straight,junction,fine,Car over speed and hit to Car. Defects in mechanical condition,0,1,1,0,Ambulance/Petrol Vehicle,The injured person shifted to MVJ Hospital
753,11-10-2016,11:45 PM,overspeed,1,2 & 5,fourlane,straight,junction,fine,Bus over speed and hit to two wheeler,1,0,0,0,Ambulance,The fatal body shifted to MVJ Hospital
754,11-10-2015,11:30 AM,overspeed,2 & 4,1 & 2,fourlane,straight,junction,fine,Car over speed self accident Drunk & Drive,0,1,0,3,Ambulance/Petrol Vehicle,The Injured Person shifted to Jalappa Hospital
755,11-10-2014,8:16 AM,overspeed,3,2,fourlane,straight,junction,fine,Lorry,0,0,2,0,Ambulance/Petrol Vehicle,The injured persons shifted to MVJ Hospital
756,11-01-2017,3:50 PM,headoncollision,2,2,fourlane,straight,junction,fine,Two wheeler over speed and hit to LCV,0,2,0,0,Ambulance/Petrol Vehicle,The injured person shifted to MVJ Hospital
757,11-01-2017,1:05 AM,skidding,2,2 & 9,fourlane,straight,junction,fine,Three wheeler over speed self accident,0,2,0,0,Ambulance/Petrol Vehicle,The injured person shifted to Private Hospital Hoskote
758,10-09-2016,1:15 AM,skidding,1,9,fourlane,straight,junction,fine,Two wheeler over speed defects in mechanical condition,1,0,0,0,Ambulance/Petrol Vehicle,The fatal body shifted to Jalappa Hospital
759,10-09-2014,12:10 PM,others,2 & 3,3,fourlane,slightcurve,junction,fine,Car over speed Puncher out of Control,0,3,1,0,Ambulance,108 ambulance shifted to Jalapa Hospital
760,10-08-2016,8:00 AM,headoncollision,3,2 & 4,fourlane,straight,junction,fine,Two wheeler over speed self accident,0,0,1,0,Petrol Vehicle,The injured person shifted to Jalappa Hospital
761,10-08-2014,9:30 PM,others,1 & 2,2,fourlane,slightcurve,tjunction,fine,Car,1,1,0,2,Ambulance/Petrol Vehicle,"Car over speed vehicle upset on Carriageway. 1-Fatal, 1-Serious, 2-Non injured. Helping ambulance shifted to SNR Hospital."
762,10-07-2016,1:55 PM,overspeed,1,7,fourlane,straight,junction,fine,Truck over speed and hit to road crossing pedestrian. Fault of road crossing pedestrian,1,0,0,0,Ambulance/Petrol Vehicle,The fatal body shifted to Govt Hospital Hoskote
763,10-07-2015,4:35 PM,others,3,2 & 5,fourlane,straight,junction,fine,Car over speed and hit to Bike. Fault of driver of Motor vehicle,0,0,2,0,Ambulance/Petrol Vehicle,The injured person shifted to Jalappa Hospital
764,10-06-2014,1:45 PM,others,2 & 3,2,fourlane,straight,tjunction,fine,Bike,0,1,1,0,Ambulance/Petrol Vehicle,Helping Patrolling & Ambulance Shifted to SNR Hospital
765,10-05-2017,3:30 PM,rightturncollision,2,2 & 5,fourlane,straight,junction,fine,Van over speed and hit to Two wheeler,0,1,0,0,Ambulance,The injured person shifted to Private Hospital Bhattarhalli
766,10-05-2016,4:15 PM,headoncollision,3,2 & 5,fourlane,straight,junction,fine,Car over speed and hit to Truck,0,0,3,0,Ambulance,The injured person shifted to Jalappa Hospital
767,10-05-2014,8:10 AM,others,2,2,fourlane,straight,junction,fine,Car,0,1,0,0,Ambulance/Petrol Vehicle,Pedestrian crossing from unauthorised opening car rammed
768,10-04-2018,11:45 PM,headoncollision,3,2 & 5,fourlane,straight,junction,fine,Car over speed and hit to LCV,0,0,3,0,Ambulance,The injured person shifted to Private Hospital Hoskote
769,10-04-2016,4:00 PM,headoncollision,1,2 & 3,fourlane,straight,junction,fine,Car over speed Driver sleeping vehicle skidding,5,0,0,0,Ambulance/Petrol Vehicle,The fatal body shifted to Jalappa Hospital
770,10-04-2014,8:10 AM,others,2,5,fourlane,straight,junction,fine,Car,0,1,0,0,Ambulance/Petrol Vehicle,While crossing road car got upside down self accident
771,10-03-2016,6:40 PM,headoncollision,3,2 & 5,fourlane,straight,junction,fine,Car over speed and hit to Auto,0,0,1,0,Petrol Vehicle,The injured person shifted to SNR Hospital
772,10-02-2018,11:00 AM,overspeed,3,2 & 4,fourlane,straight,junction,fine,Two wheeler over speed Self accident,0,0,1,0,Petrol Vehicle,The injured person shifted to Jalappa Hospital Kolar
773,10-02-2016,10:00 PM,headoncollision,3,2 & 4,fourlane,straight,junction,fine,Two wheeler over speed hit to bus,0,0,1,0,Petrol Vehicle,The injured person shifted to MVJ Hospital
774,10-12-2015,5:35 AM,overspeed,3,2 & 3,fourlane,straight,junction,fine,Car over speed self accident,0,0,1,0,Petrol Vehicle,The injured person shifted to Jalappa Hospital
775,10-11-2016,2:30 PM,skidding,2 & 3 & 4,2,fourlane,slightcurve,junction,fine,Car over speed vehicle out of control self accident,0,1,1,1,Ambulance/Petrol Vehicle,The injured person shifted to MVJ Hospital
776,10-11-2015,8:05 PM,skidding,4,2,fourlane,straight,junction,lightrain,Two wheeler over speed and skidding due to Rain,0,0,0,1,Petrol Vehicle,There is no injured that person
777,10-10-2015,12:45 AM,skidding,2,1,fourlane,straight,junction,fine,Self accident Drunk & Drive,0,1,0,0,Petrol Vehicle,The fatal body shifted to MVJ Hospital
778,10-01-2015,10:30 AM,overspeed,2 & 4,2 & 4,fourlane,slightcurve,staggeredjunction,fine,Over speed of Two wheeler rider,0,1,0,2,Ambulance/Petrol Vehicle,The injured person shifted to Jalappa Hospital
779,01-09-2015,9:30 PM,skidding,2,4,fourlane,straight,junction,fine,Self accident vehicle over speed,0,1,0,0,Ambulance,The injured person shifted to MVJ Hospital
780,01-09-2014,9:30 AM,others,2 & 3,2 & 3,fourlane,straight,junction,fine,Bike over speed and Vehicle out of control,0,1,1,0,Ambulance/Petrol Vehicle,The injured persons shifted to Jalapa Hospital
781,01-09-2014,9:30 PM,others,1,7,fourlane,straight,junction,fine,illegal Median opening Pedestrain cross to road vehicle hit to the person,1,0,0,0,Ambulance,The Fatal person shifted to Jalapa Hospital
782,01-08-2016,2:45 PM,skidding,3,2 & 4,fourlane,slightcurve,junction,fine,Two wheeler over speed and hit to Road crossing pedestrian,0,0,1,0,Petrol Vehicle,The injured person shifted to SNR Hospital
783,01-08-2016,10:35 PM,headoncollision,1 & 3,2 & 5 & 9,fourlane,straight,junction,fine,Multi axle over speed and hit to LCV,1,0,1,0,Ambulance/Petrol Vehicle,The fatal and injured person shifted to SNR Hospital
784,01-08-2016,12:30 AM,overspeed,1,2 & 5,fourlane,straight,junction,fine,Truck over speed and hit to car. Fault of driver Truck,1,0,0,0,Ambulance,The fatal body shifted to MVJ Hospital
785,01-07-2017,1:45 PM,skidding,1 & 2,2 & 9,fourlane,straight,junction,fine,Car over speed self accident,1,3,0,0,Ambulance/Petrol Vehicle,The fatal body & injured persons shifted to Private Hospital Hoskote
786,01-07-2014,5:30 AM,others,2,2,fourlane,straight,tjunction,fine,Car,0,2,0,0,Ambulance/Petrol Vehicle,Shifted to Hospital KR Puram
787,01-07-2014,10:00 AM,overspeed,3,2,fourlane,straight,junction,fine,Car Hit to Car,0,0,3,0,Ambulance/Petrol Vehicle,shifted to Hospital MVJ Hoskote
788,01-06-2016,8:43 PM,skidding,2,2 & 4,fourlane,straight,junction,fine,Two wheeler over speed and hit to another Two wheeler,0,1,0,0,Ambulance/Petrol Vehicle,The injured person shifted to Jalappa Hospital
789,01-05-2015,12:30 PM,skidding,1,2 & 3,fourlane,straight,junction,fine,Vehicle over speed and Out of Control,1,0,0,0,Ambulance/Petrol Vehicle,The fatal body shifted to MVJ Hospital
790,01-05-2015,4:30 AM,others,2,5,fourlane,slightcurve,junction,fine,Vehicle out of control skidding in the main carriageway,0,2,0,0,Ambulance/Petrol Vehicle,The injured person shifted to MVJ Hospital
791,01-04-2018,5:10 PM,skidding,3,2 & 3,fourlane,straight,junction,fine,Car over speed self accident,0,0,1,0,Petrol Vehicle,The injured person shifted to Jalappa Hospital Kolar
792,01-04-2017,8:20 PM,skidding,3,2,fourlane,straight,junction,fine,LCV over speed and hit to Two wheeler,0,0,1,0,Petrol Vehicle,"There is no injured, traffic cleared immediately."
793,01-04-2017,3:30 AM,headoncollision,2,2 & 5,fourlane,straight,junction,fine,Truck over speed hit to LCV due to Negligence driving,0,1,0,0,Ambulance,The injured person shifted to Private Hospital Hoskote
794,01-04-2017,3:10 PM,headoncollision,2,2 & 9,fourlane,straight,junction,fine,Two wheeler over speed hit to Tractor,0,1,0,0,Ambulance,The injured person shifted to Private Hospital Hoskote
795,01-04-2016,12:40 PM,skidding,1,2 & 4,fourlane,straight,junction,fine,Two wheeler over speed self accident,1,0,0,0,Ambulance/Petrol Vehicle,The fatal body shifted to Jalappa Hospital
796,01-03-2017,12:30 PM,skidding,4,2,fourlane,straight,junction,fine,LCV self accident,0,0,0,3,Petrol Vehicle,Inform to Kolar rural Police station
797,01-03-2016,7:30 PM,headoncollision,2,2 & 5,fourlane,slightcurve,junction,fine,Rash driving of Two wheeler and hit to Jeep,0,2,0,0,Ambulance,The injured person shifted to MVJ Hospital
798,01-02-2015,2:30 AM,others,1,1 & 2,fourlane,slightcurve,tjunction,fine,Self Accident Driver Drunk & Drive,1,0,0,0,Ambulance/Petrol Vehicle,The Fatal body shifted to MVJ Hospital
799,01-12-2017,11:35 AM,skidding,3,2 & 3,fourlane,straight,junction,fine,car over speed and hit to two wheeler,0,0,1,0,Petrol Vehicle,Minor injured Vehicle shifted to Kolar Traffic police station
800,01-12-2016,10:30 PM,skidding,3,9,fourlane,straight,junction,fine,LCV over speed self accident due to defect in mechanical condition,0,0,1,0,Petrol Vehicle,The injured person shifted to Jalappa Hospital Kolar
801,01-11-2015,6:30 PM,headoncollision,4,4,fourlane,straight,junction,fine,Bike over speed and overturn to bus,0,0,0,1,Ambulance/Petrol Vehicle,There is no injured
802,01-11-2015,12:30 AM,headoncollision,2 & 4,2 & 5,fourlane,straight,junction,fine,Truck over speed and Hit to Truck and back side LCV also,0,3,0,2,Ambulance/Petrol Vehicle,The injured person shifted to Jalappa Hospital
803,01-10-2016,5:00 AM,headoncollision,2,3 & 9,fourlane,straight,junction,fine,Truck over speed and hit to Car,0,2,0,0,Ambulance/Petrol Vehicle,The injured person shifted to MVJ Hospital
804,01-01-2018,3:50 PM,headoncollision,3,2 & 5,fourlane,straight,junction,fine,Truck over speed and hit to Car,0,0,1,0,Petrol Vehicle,The injured person shifted to Jalappa Hospital Kolar
805,01-01-2017,6:00 AM,headoncollision,1,2 & 9,fourlane,straight,junction,fine,Car over speed and hit to Truck due to Defects in Mechanical condition,1,0,0,0,Ambulance/Petrol Vehicle,The fatal body shifted to Jalappa Hospital
806,01-01-2016,12:05 PM,headoncollision,3,2 & 5,fourlane,straight,junction,fine,Car over speed and Hit to LCV,0,0,1,0,Ambulance,The injured person shifted to Jalappa Hospital
,,,,,,fourlane,straight,junction,fine,Total,250,555,580,264,,